SecurityCode,SecurityName,TotalAppearances,FirstSeenDate,LastSeenDate,DaysSinceFirstSeen,NewToday,LatestLTP,Latest52WHigh
543083,09MPD,9,2026-09-22,2026-10-06,14,No,12.92,12.92
524412,AAREYDRUGS,2,2026-10-01,2026-10-06,5,No,108.05,108.4
543748,AARTIPHARM,4,2026-09-23,2026-09-30,7,No,952.25,1001.55
543346,AASHKA,4,2026-09-28,2026-10-06,8,No,104.75,108.0
544203,ABDL,1,2026-09-25,2026-09-25,0,Yes,715.2,753.6
532057,ABHICAP,2,2026-09-29,2026-10-05,6,No,143.15,151.1
538935,ABHIFIN,1,2026-09-25,2026-09-25,0,Yes,69.8,73.5
544710,ACCORDTS,2,2026-09-25,2026-09-28,3,No,87.16,96.99
544962,ACEVECTOR,1,2026-10-05,2026-10-05,0,Yes,26.1,28.68
536737,ACFSL,3,2026-09-29,2026-10-01,2,No,83.3,92.0
544283,ACMESOLAR,1,2026-09-22,2026-09-22,0,Yes,458.9,476.4
544964,ACMEUNIV,1,2026-10-06,2026-10-06,0,Yes,106.05,106.05
530745,ACSTECH,3,2026-09-22,2026-09-25,3,No,84.59,84.59
543269,ADJIA,1,2026-10-06,2026-10-06,0,Yes,64.5,64.5
544669,ADMACH,2,2026-09-30,2026-10-01,1,No,499.85,524.75
544950,ADROITIND,2,2026-09-30,2026-10-01,1,No,235.95,259.8
532172,ADROITINFO,4,2026-09-22,2026-09-30,8,No,14.67,15.78
522150,ADTYFRG,3,2026-10-01,2026-10-06,5,No,38.14,38.14
526331,ADVMULT,9,2026-09-22,2026-10-06,14,No,153.35,153.35
506947,ADVPETR-B,9,2026-09-22,2026-10-06,14,No,957.9,957.9
500003,AEGISLOG,1,2026-09-22,2026-09-22,0,Yes,1423.15,1528.0
544407,AEGISVOPAK,1,2026-09-22,2026-09-22,0,Yes,301.45,321.35
544634,AEQUS,3,2026-09-30,2026-10-06,6,No,285.45,294.9
544743,AEROPLANE,4,2026-09-23,2026-10-05,12,No,211.35,216.9
543534,AETHER,2,2026-09-25,2026-10-06,11,No,1800.0,1813.0
544767,AFLTD,4,2026-09-22,2026-10-06,14,No,110.24,110.24
539546,AGRIBIO,1,2026-09-22,2026-09-22,0,Yes,316.0,343.0
544497,AHCL,6,2026-09-22,2026-09-30,8,No,34.68,37.6
544425,AJCJEWEL,7,2026-09-22,2026-10-01,9,No,432.6,432.6
544222,AKUMS,2,2026-09-22,2026-09-23,1,No,823.7,839.25
531400,ALMONDZ,1,2026-09-25,2026-09-25,0,Yes,21.38,21.61
524634,ALUFLUOR,2,2026-09-28,2026-09-29,1,No,632.3,648.35
544502,AMANTA,1,2026-10-06,2026-10-06,0,Yes,196.6,210.0
544555,AMEENJI,5,2026-09-28,2026-10-06,8,No,289.0,289.0
544037,AMIC,5,2026-09-22,2026-10-06,14,No,2555.1,2605.0
539265,AMRAFIN,2,2026-09-30,2026-10-01,1,No,40.46,40.46
544920,AMTECH,5,2026-09-28,2026-10-05,7,No,114.1,127.9
544944,ANAND,1,2026-09-29,2026-09-29,0,Yes,72.1,75.0
532870,ANKITMETAL,2,2026-10-05,2026-10-06,1,No,2.32,2.32
501270,ANTARIKSH,7,2026-09-25,2026-10-06,11,No,20.04,20.04
530075,ANTELOPUS,1,2026-09-25,2026-09-25,0,Yes,1263.25,1288.0
544952,AONESTEELS,1,2026-10-01,2026-10-01,0,Yes,417.0,469.45
532259,APARINDS,1,2026-09-22,2026-09-22,0,Yes,18239.35,19269.2
544529,APPL,3,2026-09-22,2026-10-01,9,No,360.8,370.5
544921,ARCIL,1,2026-09-23,2026-09-23,0,Yes,150.5,152.9
538556,ARMAN,2,2026-09-29,2026-10-05,6,No,134.9,139.0
544951,ARMEE,1,2026-09-30,2026-09-30,0,Yes,295.35,372.0
542919,ARTEMISMED,1,2026-09-25,2026-09-25,0,Yes,358.0,378.4
507872,ASHNOOR,1,2026-09-30,2026-09-30,0,Yes,51.74,54.0
500023,ASIANHOTNR,1,2026-09-28,2026-09-28,0,Yes,372.95,420.0
540788,ASPIRA,2,2026-09-29,2026-09-30,1,No,137.78,149.99
544812,ATHARVA,3,2026-09-22,2026-10-01,9,No,126.6,128.05
530889,AUDROC,9,2026-09-22,2026-10-06,14,No,23.55,23.55
544888,AUGMONT,4,2026-09-29,2026-10-05,6,No,1222.3,1263.7
517230,AURIQUE,9,2026-09-22,2026-10-06,14,No,43.16,43.16
524804,AUROPHARMA,1,2026-10-05,2026-10-05,0,Yes,1670.0,1739.95
522005,AUSTENG,1,2026-09-23,2026-09-23,0,Yes,164.4,178.8
540649,AVADHSUGAR,1,2026-10-06,2026-10-06,0,Yes,872.6,903.05
519105,AVTNPL,2,2026-09-22,2026-09-23,1,No,96.94,101.8
532395,AXISCADES,3,2026-09-30,2026-10-05,5,No,2282.15,2360.0
544061,AZAD,2,2026-09-29,2026-09-30,1,No,2964.8,3126.0
532989,BAFNAPH,9,2026-09-22,2026-10-06,14,No,400.55,400.55
544758,BAGMANE,2,2026-09-25,2026-09-28,3,No,109.14,112.0
517246,BCCFUBA,5,2026-09-23,2026-10-05,12,No,314.1,332.35
544468,BDI,1,2026-09-23,2026-09-23,0,Yes,119.95,122.8
544369,BEEZAASAN,9,2026-09-22,2026-10-06,14,No,754.3,754.3
544052,BENCHMARK,2,2026-10-05,2026-10-06,1,No,45.51,50.29
504646,BGWTATO,3,2026-09-25,2026-09-29,4,No,769.45,784.0
530803,BHAGERIA,4,2026-09-25,2026-10-01,6,No,383.0,424.7
500103,BHEL,1,2026-10-06,2026-10-06,0,Yes,451.5,453.8
543209,BILLWIN,3,2026-10-01,2026-10-06,5,No,44.12,48.76
506197,BLISSGVS,1,2026-09-28,2026-09-28,0,Yes,737.6,744.75
544107,BLSE,1,2026-09-22,2026-09-22,0,Yes,329.45,339.95
544484,BLUESTONE,2,2026-09-22,2026-09-23,1,No,853.1,970.55
544414,BLUSPRING,3,2026-09-25,2026-09-29,4,No,143.65,152.45
524370,BODALCHEM,2,2026-09-22,2026-09-28,6,No,201.5,207.45
523398,BOSCH-HCIL,4,2026-09-29,2026-10-05,6,No,1997.4,2031.9
531458,BOSTON,1,2026-10-06,2026-10-06,0,Yes,10.54,11.05
541096,BPLPHARMA,3,2026-09-23,2026-09-28,5,No,2137.45,2274.1
530207,BRAWN,2,2026-10-01,2026-10-06,5,No,25.5,25.7
538546,BRPL,1,2026-09-25,2026-09-25,0,Yes,167.1,174.0
524440,CAMEXLTD,4,2026-09-25,2026-09-30,5,No,57.75,60.0
512169,CAPRICORN,2,2026-09-25,2026-09-30,5,No,31.89,32.51
544380,CASHIETF,3,2026-10-01,2026-10-06,5,No,1082.56,1082.56
542934,CBPL,1,2026-09-22,2026-09-22,0,Yes,49.45,52.99
544000,CCAL,8,2026-09-22,2026-10-06,14,No,52.64,52.64
532701,CELLA,2,2026-09-25,2026-09-28,3,No,43.11,45.7
517544,CENTUM,2,2026-09-22,2026-09-23,1,No,4831.3,5000.0
540310,CFL,4,2026-09-22,2026-09-28,6,No,98.95,107.91
542678,CHCL,8,2026-09-22,2026-10-05,13,No,24.96,24.96
539230,CHEMIESYNT,1,2026-10-01,2026-10-01,0,Yes,103.64,103.64
544442,CHEMKART,4,2026-09-25,2026-10-06,11,No,247.95,252.0
531460,CONTICON,2,2026-09-28,2026-10-06,8,No,17.3,17.3
532941,CORDSCABLE,1,2026-09-23,2026-09-23,0,Yes,369.6,405.8
543172,COSPOWER,4,2026-09-22,2026-10-05,13,No,3297.5,3300.0
533260,CPCAP,2,2026-09-22,2026-10-06,14,No,153.9,161.25
544466,CPPLUS,1,2026-10-06,2026-10-06,0,Yes,3975.1,4188.5
512093,CRANESSOFT,3,2026-09-22,2026-09-25,3,No,7.08,7.08
526269,CRSTCHM,1,2026-09-23,2026-09-23,0,Yes,174.8,185.0
544440,CRYOGENIC,6,2026-09-22,2026-10-05,13,No,452.0,453.0
538868,CSL,1,2026-09-22,2026-09-22,0,Yes,23.8,24.85
544900,CSML,4,2026-09-22,2026-09-28,6,No,200.3,220.0
526027,CUBEXTUB,4,2026-09-25,2026-09-30,5,No,173.9,184.0
530843,CUPID,4,2026-09-30,2026-10-06,6,No,324.1,325.0
544667,DACHEPALLI,2,2026-09-22,2026-09-23,1,No,99.75,100.0
543651,DAPS,1,2026-09-22,2026-09-22,0,Yes,25.45,27.19
519413,DATIWARE,2,2026-09-22,2026-09-23,1,No,65.45,72.33
543593,DBOL,1,2026-10-06,2026-10-06,0,Yes,137.85,139.15
514030,DEEPAKSP,1,2026-09-30,2026-09-30,0,Yes,151.5,155.0
532848,DELTACORP,2,2026-09-30,2026-10-06,6,No,84.48,88.5
544823,DEVSON,1,2026-10-06,2026-10-06,0,Yes,372.05,372.05
544201,DFPL,5,2026-09-22,2026-10-06,14,No,32.64,32.7
500089,DICIND,2,2026-09-22,2026-09-23,1,No,663.1,670.0
506405,DMCC,1,2026-10-06,2026-10-06,0,Yes,355.85,374.0
544908,DOLLEX,1,2026-09-30,2026-09-30,0,Yes,38.56,41.99
522261,DOLPHIN,2,2026-09-22,2026-09-23,1,No,721.95,749.0
544161,DPABHUSHAN,3,2026-09-30,2026-10-05,5,No,2154.5,2200.0
523890,DSKULKARNI,1,2026-09-29,2026-09-29,0,Yes,9.21,9.21
544961,DUDANI,1,2026-10-05,2026-10-05,0,Yes,25.0,25.0
531471,DUKEOFS,9,2026-09-22,2026-10-06,14,No,92.82,92.82
505242,DYNAMATECH,7,2026-09-23,2026-10-06,13,No,14260.3,14387.35
544455,EBGNG,1,2026-09-23,2026-09-23,0,Yes,715.2,728.85
532922,EDELWEISS,2,2026-09-22,2026-09-23,1,No,142.0,146.0
501386,EENTER,1,2026-09-30,2026-09-30,0,Yes,24.66,24.66
523708,EIMCOELECO,1,2026-10-06,2026-10-06,0,Yes,2368.2,2414.3
544945,ELEVATE,1,2026-09-30,2026-09-30,0,Yes,322.95,373.0
531144,ELFORGE,4,2026-09-25,2026-09-30,5,No,27.06,29.42
543626,EMIL,3,2026-09-28,2026-10-05,7,No,205.05,211.6
544166,EMMFORCE,1,2026-09-30,2026-09-30,0,Yes,192.0,203.9
532178,ENGINERSIN,4,2026-09-22,2026-09-28,6,No,313.3,321.1
544020,ESAFSFB,1,2026-09-30,2026-09-30,0,Yes,44.37,45.75
526468,EUROLED,1,2026-10-06,2026-10-06,0,Yes,25.45,26.86
544332,FABCLEAN,2,2026-09-22,2026-09-23,1,No,547.5,575.0
511628,FEDDERSHOL,2,2026-09-22,2026-10-06,14,No,64.32,76.0
506414,FERMENTA,1,2026-10-06,2026-10-06,0,Yes,569.35,582.95
526227,FILATEX,4,2026-09-22,2026-09-29,7,No,111.95,113.9
544907,FINANCE,7,2026-09-25,2026-10-06,11,No,55.45,55.45
541557,FINEORG,1,2026-10-06,2026-10-06,0,Yes,5532.1,5594.15
532379,FIRSTFIN,7,2026-09-22,2026-10-06,14,No,14.86,14.86
543312,FOCUS,4,2026-09-22,2026-10-06,14,No,290.0,290.0
519242,FRESITA,3,2026-09-22,2026-09-25,3,No,158.03,174.65
544941,FXML,2,2026-09-28,2026-09-29,1,No,129.0,130.0
504697,GALADA,5,2026-09-23,2026-10-06,13,No,27.38,27.38
513108,GANDHITUBE,1,2026-09-22,2026-09-22,0,Yes,1002.3,1048.0
500153,GANESHBE,2,2026-09-28,2026-09-29,1,No,137.15,142.0
530615,GARGFUR,5,2026-09-23,2026-09-30,7,No,242.25,255.5
538787,GBFL,4,2026-09-22,2026-09-30,8,No,14.83,17.68
531463,GBLINFRA,5,2026-09-22,2026-10-05,13,No,119.5,121.85
535917,GCMCOMM,1,2026-09-29,2026-09-29,0,Yes,5.29,5.29
543324,GCSL,3,2026-09-22,2026-10-05,13,No,685.75,739.95
539486,GEETANJ,4,2026-09-28,2026-10-06,8,No,10.83,10.83
544957,GERMAN,1,2026-10-05,2026-10-05,0,Yes,128.2,143.5
513343,GFSTEELS,9,2026-09-22,2026-10-06,14,No,35.35,35.35
544666,GKSL,1,2026-10-01,2026-10-01,0,Yes,194.2,210.2
544913,GLASSWALL,1,2026-09-22,2026-09-22,0,Yes,309.35,318.0
500670,GNFC,2,2026-09-23,2026-09-25,2,No,629.95,635.85
542850,GOBLIN,1,2026-09-22,2026-09-22,0,Yes,16.33,17.99
530663,GOYALASS,1,2026-10-06,2026-10-06,0,Yes,1.33,1.33
544682,GRERENEW,1,2026-09-23,2026-09-23,0,Yes,215.65,218.0
590159,GROWWLIQID,8,2026-09-22,2026-10-05,13,No,111.02,111.03
530469,GSLSEC,1,2026-10-05,2026-10-05,0,Yes,64.68,64.68
544801,GSPLTRANS,1,2026-09-30,2026-09-30,0,Yes,144.4,159.55
541627,GUJWIND,1,2026-09-23,2026-09-23,0,Yes,11.49,11.7
515147,HALDYNGL,2,2026-09-28,2026-09-30,2,No,155.05,163.4
500178,HARCR,9,2026-09-22,2026-10-06,14,No,42.78,42.78
543600,HARSHA,1,2026-10-01,2026-10-01,0,Yes,473.75,484.45
543973,HDFCLIQUID,7,2026-09-22,2026-10-06,14,No,1080.9,1080.92
544109,HEALTHADD,1,2026-09-28,2026-09-28,0,Yes,16.76,17.33
544936,HEROMOTORS,5,2026-09-23,2026-10-05,12,No,169.5,179.0
500183,HFCL,1,2026-10-06,2026-10-06,0,Yes,262.25,262.25
544741,HIGHNESS,8,2026-09-22,2026-10-06,14,No,262.05,262.05
539984,HIIL,6,2026-09-28,2026-10-06,8,No,537.05,537.05
526217,HITECHCORP,2,2026-09-29,2026-09-30,1,No,348.15,348.95
544943,HNIL,3,2026-09-29,2026-10-06,7,No,135.1,135.1
500449,HOCL,2,2026-09-30,2026-10-01,1,No,52.84,55.6
526717,HPBL,2,2026-09-22,2026-09-25,3,No,401.9,405.0
543916,HSIL,3,2026-09-22,2026-10-06,14,No,633.55,633.55
521016,ICIL,1,2026-09-23,2026-09-23,0,Yes,476.25,486.15
539437,IDFCFIRSTB,1,2026-09-23,2026-09-23,0,Yes,87.89,89.58
506945,IGLFXPL-B,1,2026-10-05,2026-10-05,0,Yes,3.27,3.27
544309,IKS,1,2026-09-23,2026-09-23,0,Yes,1930.2,1969.0
532907,IL&FSENGG,1,2026-09-22,2026-09-22,0,Yes,42.0,44.46
532614,IMPEXFERRO,7,2026-09-22,2026-10-05,13,No,6.21,6.45
544172,INDGN,2,2026-09-25,2026-09-29,4,No,604.6,627.0
500201,INDIAGLYCO,1,2026-09-28,2026-09-28,0,Yes,297.25,326.1
513361,INDIAHOMES,1,2026-10-05,2026-10-05,0,Yes,29.83,31.93
524648,INDOAMIN,2,2026-09-28,2026-10-06,8,No,161.5,168.15
544837,INDOMIM,4,2026-09-22,2026-10-06,14,No,1349.7,1359.5
500207,INDORAMA,1,2026-09-22,2026-09-22,0,Yes,103.57,112.31
532305,INDSWFTLAB,3,2026-09-22,2026-09-30,8,No,386.5,424.55
531841,INDUSFINL,3,2026-09-28,2026-10-01,3,No,328.15,329.75
544567,INFINITY,1,2026-09-22,2026-09-22,0,Yes,550.0,550.0
544919,INFRAX,4,2026-09-23,2026-09-29,6,No,123.2,136.1
544930,INJECTO,1,2026-10-01,2026-10-01,0,Yes,97.25,100.25
544067,INNOVACAP,2,2026-09-22,2026-09-23,1,No,1299.35,1350.05
533315,INOVSYNTH,6,2026-09-28,2026-10-06,8,No,160.5,160.5
544438,INTERNET,1,2026-09-23,2026-09-23,0,Yes,15.05,15.06
504786,INVPRECQ,6,2026-09-23,2026-10-05,12,No,1597.45,1668.95
524494,IPCALAB,1,2026-09-22,2026-09-22,0,Yes,1992.2,2039.3
507580,IVP,3,2026-09-22,2026-09-25,3,No,229.5,237.9
543860,JAFINANCE,6,2026-09-22,2026-10-05,13,No,150.6,160.0
532825,JAGJANANI,1,2026-10-06,2026-10-06,0,Yes,6.97,6.97
505212,JAINEX,2,2026-09-22,2026-09-23,1,No,196.1,218.9
505840,JAIPAN,2,2026-10-05,2026-10-06,1,No,46.18,46.18
544402,JASH,3,2026-09-22,2026-09-30,8,No,590.75,619.7
514318,JATTAINDUS,2,2026-09-23,2026-10-06,13,No,646.9,670.0
543544,JAYANT,1,2026-10-06,2026-10-06,0,Yes,114.59,114.59
500306,JAYKAY,2,2026-10-05,2026-10-06,1,No,239.8,243.0
544138,JGCHEM,1,2026-09-30,2026-09-30,0,Yes,640.1,688.4
539225,JIYAECO,2,2026-09-22,2026-10-06,14,No,14.26,14.26
544853,JNPR,2,2026-09-30,2026-10-06,6,No,280.25,284.7
544935,JSIPL,7,2026-09-23,2026-10-06,13,No,189.0,189.0
543994,JSWINFRA,1,2026-09-22,2026-09-22,0,Yes,367.85,375.25
524109,KABRAEXTRU,2,2026-09-25,2026-09-28,3,No,860.45,888.65
532741,KAMDHENU,1,2026-09-22,2026-09-22,0,Yes,41.6,43.81
544911,KANOHAR,4,2026-09-22,2026-10-06,14,No,941.15,1048.35
506525,KANORICHEM,2,2026-09-25,2026-09-28,3,No,206.6,209.25
544917,KARAMTARA,5,2026-09-22,2026-10-06,14,No,439.85,445.15
537784,KCSL,2,2026-09-25,2026-09-30,5,No,15.99,15.99
532054,KDDL,1,2026-09-23,2026-09-23,0,Yes,4254.65,4280.35
544398,KENRIK,1,2026-09-22,2026-09-22,0,Yes,14.0,14.5
507180,KESARENT,2,2026-09-22,2026-09-23,1,No,13.21,13.22
524500,KILITCH,4,2026-09-23,2026-10-06,13,No,261.3,267.7
524019,KINGFA,6,2026-09-28,2026-10-06,8,No,6932.8,6994.8
544754,KISSHT,2,2026-10-01,2026-10-05,4,No,379.1,388.25
530771,KLGCAP,1,2026-10-05,2026-10-05,0,Yes,19.2,21.22
524520,KMCSHIL,4,2026-09-22,2026-10-01,9,No,171.95,178.4
543273,KMEW,1,2026-10-06,2026-10-06,0,Yes,3201.35,3245.0
524280,KOPRAN,3,2026-09-23,2026-09-30,7,No,278.1,295.9
544139,KOURA,1,2026-10-05,2026-10-05,0,Yes,53.15,53.5
544187,KRONOX,1,2026-09-29,2026-09-29,0,Yes,217.2,226.5
544253,KROSS,2,2026-09-22,2026-09-23,1,No,278.25,282.9
500235,KSL,1,2026-09-23,2026-09-23,0,Yes,996.2,1032.0
539408,KUBERJI,6,2026-09-25,2026-10-05,10,No,70.52,72.7
544895,KWICK,3,2026-09-25,2026-09-30,5,No,186.36,212.66
505302,LAKSHMIEW,2,2026-09-29,2026-09-30,1,No,2500.0,2640.0
544879,LALITHAA,6,2026-09-23,2026-10-06,13,No,405.15,408.4
590075,LAMBODHARA,1,2026-09-25,2026-09-25,0,Yes,145.75,154.55
540222,LAURUSLABS,2,2026-09-22,2026-09-23,1,No,2034.8,2037.45
544839,LCL,2,2026-09-25,2026-10-06,11,No,627.9,634.6
544576,LGEINDIA,1,2026-10-05,2026-10-05,0,Yes,1768.5,1825.0
590139,LIQUID1,5,2026-09-22,2026-09-29,7,No,1124.69,1130.0
544159,LIQUIDADD,4,2026-09-22,2026-09-28,6,No,1146.67,1153.0
544182,LIQUIDBETF,3,2026-09-22,2026-09-28,6,No,1100.62,1111.06
544284,LIQUIDPLUS,1,2026-10-06,2026-10-06,0,Yes,1106.33,1106.33
544946,LIQVD,1,2026-09-30,2026-09-30,0,Yes,51.05,53.73
539992,LLOYDSENGG,2,2026-09-29,2026-09-30,1,No,98.49,104.12
532740,LOKESHMACH,3,2026-10-01,2026-10-06,5,No,454.7,470.65
544469,LOTUSDEV,4,2026-09-23,2026-10-06,13,No,244.0,247.7
532796,LUMAXTECH,1,2026-09-23,2026-09-23,0,Yes,2045.4,2187.75
544248,MACHLTD,2,2026-09-28,2026-10-06,8,No,222.8,232.0
543291,MAFANG,2,2026-10-05,2026-10-06,1,No,276.75,283.0
512377,MAGANTR,3,2026-10-01,2026-10-06,5,No,0.28,0.28
531515,MAHANIN,8,2026-09-22,2026-10-06,14,No,30.73,30.73
500265,MAHSEAMLES,1,2026-09-30,2026-09-30,0,Yes,738.05,768.0
544929,MANIKA,1,2026-10-06,2026-10-06,0,Yes,51.23,51.38
513269,MANINDS,2,2026-09-23,2026-09-25,2,No,1021.55,1039.8
505324,MANUGRAPH,1,2026-09-23,2026-09-23,0,Yes,23.41,24.2
540704,MATRIMONY,1,2026-09-28,2026-09-28,0,Yes,523.3,635.0
540401,MAXIMUS,1,2026-09-25,2026-09-25,0,Yes,15.15,16.0
531680,MAYUR,2,2026-09-22,2026-09-23,1,No,42.26,45.96
531221,MAYURFL,1,2026-09-23,2026-09-23,0,Yes,20.66,21.0
523792,MAZDA,1,2026-09-30,2026-09-30,0,Yes,307.25,308.95
532629,MBECL,9,2026-09-22,2026-10-06,14,No,493.65,513.75
507836,MCCHRLS-B,1,2026-10-05,2026-10-05,0,Yes,670.4,799.9
523888,MEGAMONT,2,2026-09-29,2026-09-30,1,No,199.3,214.2
538401,METSL,4,2026-09-25,2026-09-30,5,No,228.05,259.15
530757,MIDAAS,3,2026-10-01,2026-10-06,5,No,145.5,145.5
544868,MILKYMIST,1,2026-09-23,2026-09-23,0,Yes,317.3,317.3
544826,MILLWORKS,2,2026-09-22,2026-09-23,1,No,1234.15,1306.0
521244,MKPMOB,8,2026-09-22,2026-10-05,13,No,235.55,240.4
512267,MMWL,1,2026-10-06,2026-10-06,0,Yes,17.28,17.28
539767,MNIL,4,2026-09-29,2026-10-05,6,No,57.7,62.0
543563,MOHEALTH,1,2026-09-22,2026-09-22,0,Yes,52.8,54.22
544906,MOMSBELIEF,1,2026-09-29,2026-09-29,0,Yes,256.55,267.6
544953,MONEYVIEW,1,2026-10-01,2026-10-01,0,Yes,54.03,62.0
500288,MOREPENLAB,4,2026-09-30,2026-10-06,6,No,143.75,145.25
505797,MPCOSEMB,5,2026-09-22,2026-10-01,9,No,40.19,44.34
532470,MPFSL,5,2026-09-22,2026-10-06,14,No,9.78,9.78
544916,MPIMANIPAL,2,2026-09-23,2026-09-29,6,No,417.55,458.3
544773,MRTX,1,2026-09-30,2026-09-30,0,Yes,441.45,506.0
539275,MSL,1,2026-10-05,2026-10-05,0,Yes,149.8,169.95
544751,MTL,2,2026-09-30,2026-10-01,1,No,133.05,139.9
500460,MUKANDLTD,6,2026-09-23,2026-10-05,12,No,182.6,189.8
544851,MVELECTRO,1,2026-10-06,2026-10-06,0,Yes,933.5,969.0
535205,MYSTICELE,1,2026-10-06,2026-10-06,0,Yes,4.08,4.78
544373,NAPSGLOBAL,1,2026-09-29,2026-09-29,0,Yes,67.04,68.0
531289,NATFIT,3,2026-09-22,2026-10-06,14,No,341.3,343.5
531834,NATHUEC,1,2026-10-01,2026-10-01,0,Yes,37.22,40.95
543280,NAZARA,3,2026-09-25,2026-09-30,5,No,392.75,402.15
531049,NEELKAN,3,2026-09-23,2026-09-29,6,No,65.85,70.19
544434,NEETUYOSHI,2,2026-09-28,2026-09-29,1,No,248.1,258.0
508867,NEWMKTAVE,9,2026-09-22,2026-10-06,14,No,101.13,101.13
539200,NOBPOL,9,2026-09-22,2026-10-06,14,No,18.3,18.3
500730,NOCIL,1,2026-09-23,2026-09-23,0,Yes,206.75,211.0
524414,NORRIS,2,2026-09-22,2026-09-25,3,No,18.7,20.06
542771,NOVATEOR,1,2026-09-28,2026-09-28,0,Yes,37.5,37.5
544735,NOVUS,2,2026-09-22,2026-09-25,3,No,227.7,237.75
530367,NRBBEARING,2,2026-09-23,2026-09-28,5,No,541.35,559.85
543264,NURECA,3,2026-09-28,2026-09-30,2,No,362.85,375.0
500078,OAL,1,2026-09-22,2026-09-22,0,Yes,556.35,572.0
544278,OCCLLTD,4,2026-09-30,2026-10-06,6,No,206.9,206.95
533632,ONELIFECAP,3,2026-10-01,2026-10-06,5,No,45.25,45.5
544748,ONEPOINT,5,2026-09-23,2026-10-05,12,No,78.42,80.99
530135,OPTIEMUS,2,2026-09-23,2026-10-06,13,No,889.9,925.7
512626,ORBTEXP,1,2026-09-30,2026-09-30,0,Yes,253.95,283.95
524372,ORCHPHARMA,1,2026-09-22,2026-09-22,0,Yes,1107.2,1142.65
543997,ORGANICREC,4,2026-09-25,2026-10-06,11,No,204.8,214.0
544960,ORIENTCABL,1,2026-10-05,2026-10-05,0,Yes,403.3,465.3
531779,PADALPO,1,2026-09-25,2026-09-25,0,Yes,20.95,23.0
539469,PANORAMA,3,2026-09-25,2026-10-05,10,No,63.6,69.55
540359,PARMAX,2,2026-09-28,2026-10-05,7,No,139.1,139.1
544330,PARMESHWAR,1,2026-09-22,2026-09-22,0,Yes,341.5,344.4
511734,PASUFIN,5,2026-09-29,2026-10-06,7,No,27.54,27.54
500456,PASUPTAC,2,2026-09-23,2026-09-25,2,No,76.13,83.8
544460,PATELCHEM,4,2026-09-23,2026-10-06,13,No,148.35,149.9
534809,PCJEWELLER,1,2026-09-23,2026-09-23,0,Yes,14.49,14.87
517119,PCS,1,2026-09-23,2026-09-23,0,Yes,30.79,31.06
517172,PERVASIVE,8,2026-09-22,2026-10-06,14,No,12.58,12.58
544955,PESHWA,1,2026-10-01,2026-10-01,0,Yes,95.05,100.05
532808,PGIL,3,2026-09-23,2026-09-28,5,No,1297.55,1356.55
590142,PHARMABEES,1,2026-09-28,2026-09-28,0,Yes,27.56,28.5
500143,PHCAP,7,2026-09-25,2026-10-06,11,No,1328.5,1362.0
509084,PHOTON,6,2026-09-28,2026-10-06,8,No,403.7,403.7
544966,PIND,1,2026-10-06,2026-10-06,0,Yes,75.24,79.2
539401,PJL,1,2026-10-05,2026-10-05,0,Yes,340.0,340.0
544383,PPARIVAH,3,2026-09-22,2026-10-01,9,No,302.95,312.0
544844,PPEL,4,2026-09-22,2026-09-28,6,No,800.3,859.95
544538,PRARUH,5,2026-09-25,2026-10-01,6,No,180.0,189.0
544912,PRASOLCHEM,5,2026-09-23,2026-09-30,7,No,841.25,915.95
519299,PRIMIND,8,2026-09-22,2026-10-05,13,No,97.28,97.28
506852,PRIMO,1,2026-09-28,2026-09-28,0,Yes,28.17,29.4
544899,PRIORITY,2,2026-09-23,2026-09-25,2,No,310.4,328.8
540703,PROCLB,2,2026-09-23,2026-09-30,7,No,49.0,51.0
526494,PROMACT,3,2026-09-22,2026-09-25,3,No,16.2,17.9
505502,PSITINFRA,3,2026-10-01,2026-10-06,5,No,1.96,1.98
544295,PSPLATINA,1,2026-09-28,2026-09-28,0,Yes,1112000.0,1112000.0
523315,PURITY,1,2026-09-30,2026-09-30,0,Yes,0.93,0.93
544932,QAL,1,2026-09-22,2026-09-22,0,Yes,63.65,66.99
544091,QLL,1,2026-09-25,2026-09-25,0,Yes,621.0,650.0
544367,QPOWER,4,2026-09-28,2026-10-06,8,No,1645.45,1679.95
544336,QUADFUTURE,3,2026-09-25,2026-09-30,5,No,547.5,567.8
511116,QUADRANT,2,2026-09-22,2026-09-23,1,No,0.9,0.9
539515,QUINT,3,2026-09-22,2026-09-25,3,No,84.14,92.98
511185,RAJVI,3,2026-09-23,2026-09-30,7,No,34.51,34.51
500357,RAMAPPR-B,3,2026-09-22,2026-10-06,14,No,16.72,18.4
544803,RAMBHAJO,3,2026-09-22,2026-10-06,14,No,330.25,331.85
522281,RAMRAT,2,2026-10-01,2026-10-05,4,No,635.25,662.45
544237,RAPID,1,2026-10-06,2026-10-06,0,Yes,150.25,150.25
500330,RAYMOND,6,2026-09-22,2026-10-06,14,No,1293.85,1338.3
544420,RAYMONDREL,1,2026-09-25,2026-09-25,0,Yes,712.05,741.9
540065,RBLBANK,2,2026-09-22,2026-09-23,1,No,427.0,429.55
544060,RBZJEWEL,1,2026-09-30,2026-09-30,0,Yes,205.45,208.3
544755,RECODE,4,2026-09-22,2026-10-01,9,No,450.0,469.6
532805,REDINGTON,1,2026-09-23,2026-09-23,0,Yes,401.05,419.55
540175,REGENCY,2,2026-09-30,2026-10-06,6,No,54.34,56.0
513043,REMIEDEL,1,2026-09-22,2026-09-22,0,Yes,264.3,272.5
524218,RESONANCE,2,2026-09-25,2026-09-28,3,No,191.6,201.3
531888,REXNORD,2,2026-09-23,2026-09-25,2,No,104.42,109.5
532923,RGL,1,2026-09-23,2026-09-23,0,Yes,170.75,173.4
531539,RISHDIGA,1,2026-09-29,2026-09-29,0,Yes,42.12,46.17
526861,RISHILASE,4,2026-09-25,2026-09-30,5,No,153.9,158.0
526492,RISHIROOP,1,2026-09-23,2026-09-23,0,Yes,139.3,141.45
544804,RIYAASAT,3,2026-09-29,2026-10-01,2,No,101.0,110.7
517286,RNITAI,3,2026-09-25,2026-10-01,6,No,111.95,111.95
544940,ROBOKIDZ,3,2026-09-28,2026-09-30,2,No,232.7,233.1
543325,ROLEXRINGS,3,2026-09-25,2026-10-05,10,No,189.7,199.45
502448,ROLLT,2,2026-09-22,2026-09-23,1,No,6.38,6.51
544954,ROOPA,1,2026-10-01,2026-10-01,0,Yes,115.52,127.68
544294,ROSSTECH,4,2026-09-22,2026-10-06,14,No,1617.45,1697.3
532983,RPGLIFE,1,2026-09-25,2026-09-25,0,Yes,3036.1,3130.5
544119,RPTECH,1,2026-09-30,2026-09-30,0,Yes,952.25,1004.0
530179,RSCINT,7,2026-09-22,2026-10-01,9,No,104.0,108.2
544731,RSL,1,2026-09-22,2026-09-22,0,Yes,187.6,201.5
503169,RUBYMILLS,2,2026-09-23,2026-09-28,5,No,512.95,521.15
544959,RUNWALENTR,1,2026-10-05,2026-10-05,0,Yes,298.95,307.35
544958,SAIURJA,2,2026-10-05,2026-10-06,1,No,147.45,147.45
532604,SALSTEEL,5,2026-09-25,2026-10-05,10,No,93.57,102.4
544430,SAMBHV,3,2026-09-29,2026-10-05,6,No,164.65,171.5
544314,SANATHAN,1,2026-09-25,2026-09-25,0,Yes,523.3,544.55
543897,SANCODE,8,2026-09-22,2026-10-06,14,No,850.0,850.05
514234,SANGAMIND,1,2026-10-05,2026-10-05,0,Yes,629.75,692.95
543358,SANSERA,2,2026-09-22,2026-09-23,1,No,4616.55,4744.0
538992,SAPL,7,2026-09-22,2026-10-01,9,No,8149.1,8999.8
542725,SBC,6,2026-09-25,2026-10-06,11,No,61.6,64.42
543782,SEALMATIC,1,2026-10-06,2026-10-06,0,Yes,458.05,467.5
544927,SECLEDBETA,1,2026-09-28,2026-09-28,0,Yes,14.33,15.8
544723,SEDEMAC,3,2026-09-25,2026-10-05,10,No,3373.85,3687.15
512399,SERA,2,2026-10-05,2026-10-06,1,No,60.12,64.01
501479,SFTL,1,2026-10-05,2026-10-05,0,Yes,11.57,11.57
541929,SGIL,1,2026-09-23,2026-09-23,0,Yes,670.1,695.0
544685,SHADOWFAX,2,2026-09-22,2026-09-23,1,No,285.35,290.05
544963,SHAHINVEST,1,2026-10-06,2026-10-06,0,Yes,173.75,179.55
544933,SHAKTIPOLY,1,2026-09-22,2026-09-22,0,Yes,57.08,61.4
544459,SHANTIGOLD,3,2026-09-23,2026-10-06,13,No,337.25,338.55
540786,SHARIKA,2,2026-10-01,2026-10-05,4,No,22.05,24.37
533301,SHEKHAWATI,5,2026-09-25,2026-10-01,6,No,30.64,33.86
524336,SHHARICH,3,2026-09-22,2026-09-25,3,No,349.55,352.05
530549,SHILPAMED,1,2026-10-01,2026-10-01,0,Yes,1063.65,1095.65
544165,SHIVAM,3,2026-09-25,2026-10-05,10,No,145.0,149.0
544967,SHIVCHEM,1,2026-10-06,2026-10-06,0,Yes,58.9,62.0
544490,SHREEJISPG,8,2026-09-23,2026-10-06,13,No,797.3,800.0
503804,SHRIDINE,1,2026-10-05,2026-10-05,0,Yes,385.55,410.0
544344,SHRIPISTON,1,2026-09-28,2026-09-28,0,Yes,4644.15,4835.0
544607,SHTL,2,2026-09-22,2026-09-23,1,No,177.24,177.56
524632,SHUKRAPHAR,3,2026-10-01,2026-10-06,5,No,72.48,75.5
543299,SHYAMMETL,2,2026-09-22,2026-09-23,1,No,1106.85,1125.0
532408,SIGMAADV,6,2026-09-22,2026-10-06,14,No,1119.4,1165.0
540132,SIIL,2,2026-10-05,2026-10-06,1,No,19.84,19.84
544810,SILL,2,2026-09-25,2026-09-28,3,No,112.95,120.99
513472,SIMPLEXCAS,2,2026-09-22,2026-09-23,1,No,140.4,146.5
513496,SIZEMASTER,2,2026-09-29,2026-10-01,2,No,418.6,432.0
504398,SJCORP,2,2026-09-28,2026-10-05,7,No,190.0,191.9
540269,SKL,8,2026-09-22,2026-10-06,14,No,16.4,16.4
544947,SKOFFSET,1,2026-09-30,2026-09-30,0,Yes,126.35,129.0
541967,SKYGOLD,1,2026-10-06,2026-10-06,0,Yes,858.8,876.7
523449,SMAART,2,2026-09-28,2026-10-05,7,No,130.25,130.25
543263,SMCGLOBAL,4,2026-09-28,2026-10-06,8,No,110.69,120.08
541799,SMEL,2,2026-09-22,2026-09-23,1,No,25.57,25.57
505192,SMLMAH,4,2026-09-22,2026-09-28,6,No,6524.65,6908.8
532815,SMSPHARMA,1,2026-09-22,2026-09-22,0,Yes,482.95,494.4
543470,SOFTTECH,1,2026-09-30,2026-09-30,0,Yes,495.55,524.95
531548,SOMANYCERA,4,2026-09-25,2026-10-06,11,No,624.6,630.6
524667,SOTL,1,2026-09-30,2026-09-30,0,Yes,719.35,862.8
521036,SOURCEIND,9,2026-09-22,2026-10-06,14,No,72.8,72.8
532218,SOUTHBANK,1,2026-09-25,2026-09-25,0,Yes,49.95,50.66
544386,SPECTRUM,6,2026-09-22,2026-10-01,9,No,3805.35,4032.8
544925,SPEEDEX,2,2026-09-25,2026-10-01,6,No,257.6,274.0
532842,SRHHYPOLTD,1,2026-09-22,2026-09-22,0,Yes,602.0,671.0
544965,SRIT,1,2026-10-06,2026-10-06,0,Yes,155.05,155.05
521178,SRMCL,2,2026-09-22,2026-09-23,1,No,65.45,66.7
544934,SSRETAIL,1,2026-09-23,2026-09-23,0,Yes,765.15,766.9
513262,SSWL,6,2026-09-22,2026-10-06,14,No,424.0,434.05
512381,STARTECK,1,2026-09-29,2026-09-29,0,Yes,335.7,352.8
526231,STDSFAC,7,2026-09-22,2026-10-01,9,No,222.25,245.6
544914,STEAMHOUSE,4,2026-09-22,2026-10-06,14,No,118.45,118.45
513517,STEELCAS,2,2026-09-22,2026-09-25,3,No,376.6,390.8
544395,STLNETWORK,4,2026-09-22,2026-09-28,6,No,51.98,56.56
532374,STLTECH,2,2026-10-05,2026-10-06,1,No,1015.45,1049.55
544267,SUBAM,1,2026-09-28,2026-09-28,0,Yes,229.6,246.0
532348,SUBEXLTD,1,2026-09-23,2026-09-23,0,Yes,22.07,22.84
500404,SUNFLAG,4,2026-09-28,2026-10-06,8,No,459.3,474.15
544001,SUNITATOOL,1,2026-09-23,2026-09-23,0,Yes,1201.0,1222.0
532733,SUNTV,1,2026-09-30,2026-09-30,0,Yes,604.1,664.6
543373,SVRL,9,2026-09-22,2026-10-06,14,No,697.25,700.0
503659,SW1,1,2026-09-25,2026-09-25,0,Yes,194.3,200.25
539406,SWAGTAM,1,2026-10-01,2026-10-01,0,Yes,75.99,76.89
533107,SWANDEF,1,2026-09-23,2026-09-23,0,Yes,2747.75,2800.0
544949,SWASTIKAIN,2,2026-09-30,2026-10-01,1,No,216.1,220.4
517201,SWITCHTE,3,2026-09-30,2026-10-05,5,No,164.75,171.95
544889,SYMBIOTEC,2,2026-09-30,2026-10-01,1,No,1199.3,1245.65
524470,SYNCOMF,3,2026-09-28,2026-09-30,2,No,25.22,27.53
543573,SYRMA,3,2026-09-22,2026-10-01,9,No,1718.3,1823.0
544541,SYSTEMATIC,1,2026-09-30,2026-09-30,0,Yes,295.1,298.95
539956,TAALTECH,1,2026-09-22,2026-09-22,0,Yes,1188.7,1237.4
543321,TATVA,2,2026-09-28,2026-10-06,8,No,1884.15,1895.0
534369,TBZ,2,2026-09-22,2026-09-23,1,No,693.2,697.85
533553,TDPOWERSYS,1,2026-10-05,2026-10-05,0,Yes,812.55,856.0
544864,TECHNOCRAF,3,2026-09-22,2026-09-25,3,No,490.95,496.0
543413,TEGA,2,2026-09-22,2026-09-30,8,No,2107.9,2197.5
544544,TELGE,3,2026-09-22,2026-09-25,3,No,270.0,283.95
505400,TEXINFRA,1,2026-09-23,2026-09-23,0,Yes,123.5,126.55
526650,TFCILTD,1,2026-09-30,2026-09-30,0,Yes,142.8,148.6
544175,TGIF,1,2026-09-22,2026-09-22,0,Yes,104.65,126.95
507753,TGVSL,1,2026-09-28,2026-09-28,0,Yes,121.8,130.0
507205,TI,1,2026-09-23,2026-09-23,0,Yes,601.45,608.1
522294,TIGLOB,1,2026-10-01,2026-10-01,0,Yes,208.55,212.0
500414,TIMEX,2,2026-09-23,2026-10-06,13,No,732.15,758.8
544740,TIPCO,5,2026-09-23,2026-10-06,13,No,321.95,337.0
543616,TLL,1,2026-09-22,2026-09-22,0,Yes,404.75,421.0
500422,TRANSCHEM,2,2026-09-22,2026-09-30,8,No,416.5,433.0
508963,TRUSTWAVE,5,2026-09-22,2026-10-06,14,No,259.0,259.0
531411,TUNITEX,9,2026-09-22,2026-10-06,14,No,2.22,2.22
530363,UGARSUGAR,2,2026-09-25,2026-09-28,3,No,62.35,66.72
544406,UNIFIED,4,2026-09-25,2026-09-30,5,No,526.95,535.0
544322,UNIMECH,2,2026-09-22,2026-10-06,14,No,1866.3,1900.0
544948,UNITEC,3,2026-09-30,2026-10-05,5,No,95.67,97.69
544756,UNITEDPOLY,6,2026-09-22,2026-10-05,13,No,48.25,50.19
530579,UYFINCORP,3,2026-10-01,2026-10-06,5,No,23.03,24.46
526775,VALIANT,4,2026-09-25,2026-09-30,5,No,1734.0,1891.35
543998,VALIANTLAB,1,2026-09-22,2026-09-22,0,Yes,124.51,131.0
540145,VALIANTORG,3,2026-09-30,2026-10-05,5,No,476.0,502.7
544931,VAMAWOVEN,1,2026-09-22,2026-09-22,0,Yes,323.95,341.0
544942,VARMORA,1,2026-09-29,2026-09-29,0,Yes,152.8,163.45
541578,VARROC,1,2026-09-22,2026-09-22,0,Yes,866.8,910.45
544923,VEEGALAND,1,2026-10-06,2026-10-06,0,Yes,148.95,154.0
526755,VELHO,1,2026-10-06,2026-10-06,0,Yes,7.21,7.59
505232,VELJAN,7,2026-09-22,2026-10-06,14,No,2482.45,2482.45
539331,VETO,1,2026-09-28,2026-09-28,0,Yes,148.2,158.2
543350,VIJAYA,1,2026-09-23,2026-09-23,0,Yes,1567.85,1592.0
544371,VIKRAMAR,2,2026-09-22,2026-09-23,1,No,147.73,147.73
530477,VIKRAMTH,3,2026-09-22,2026-10-01,9,No,405.9,445.0
506196,VIKSHEN,4,2026-09-25,2026-09-30,5,No,10.23,10.23
544002,VIVAA,1,2026-10-01,2026-10-01,0,Yes,138.0,138.0
544939,VIVEKANAND,4,2026-09-28,2026-10-05,7,No,42.45,45.0
530177,VKGLOBAL,3,2026-09-23,2026-09-29,6,No,34.0,35.87
509038,VOLLF,2,2026-09-22,2026-09-23,1,No,22.25,23.35
517399,VXLINSTR,5,2026-09-22,2026-09-30,8,No,5.61,6.1
503675,WAGEND,2,2026-09-28,2026-09-30,2,No,1.3,1.45
532144,WELCORP,4,2026-09-22,2026-09-29,7,No,2834.6,2899.95
533252,WELINV,6,2026-09-22,2026-09-30,8,No,2457.0,2457.0
514162,WELSPUNLIV,3,2026-09-22,2026-10-01,9,No,239.05,245.0
544838,XTRANET,1,2026-09-22,2026-09-22,0,Yes,334.9,358.85
538521,YAANENT,5,2026-09-22,2026-09-29,7,No,156.65,172.0
544310,YASHHV,3,2026-09-22,2026-10-06,14,No,1211.15,1222.95
522108,YUKEN,3,2026-09-23,2026-10-06,13,No,1239.45,1335.3
544563,ZELIO,5,2026-09-22,2026-09-29,7,No,1056.45,1099.5
541400,ZIMLAB,1,2026-10-01,2026-10-01,0,Yes,136.45,145.0
532321,ZYDUSLIFE,3,2026-09-25,2026-09-29,4,No,1195.2,1232.0
